id,generacion,nse,region,educacion_financiera,sesgo_presente,canal_preferido,situacion_laboral,cobertura_previsional,tenencia_vehiculo,acceso_digital,bancarizado,trabajo_plataforma_digital,exposicion_riesgo_sismico,apertura_datos_ia,confianza_aseguradora,disposicion_compartir_datos_pricing,tenencia_seguro,seguro_desastres_naturales,wtp_ratio,propension_microseguro,edad,usa_whatsapp,resp_seguro_privado,resp_aseguradora,resp_para_quien,resp_como_resolvio,resp_por_que,resp_fuente_medicamento,resp_marca_generico,resp_no_mejora,resp_solucion_ideal
P_000,Gen_X_44_59,B,Lima_Metropolitana,baja,medio,broker_corredor,formal_dependiente,AFP,ninguno,alta,True,False,media,alta,desconfia,baja,voluntario,False,1.058,media,49,True,si,RIMAC,tambien_hijos_y_mayores,consulta_remota_o_conocido,sistema_lento,consejo_familiar,marca,voy_al_medico_o_clinica,que_me_confirme_un_profesional
P_001,Millennial_28_43,B,Lima_Metropolitana,media,medio,broker_corredor,informal,ninguna,auto,alta,True,False,alta,media,confia_plena,media,voluntario,True,1.029,alta,37,False,FUERA_DEL_ESTUDIO,FUERA_DEL_ESTUDIO,FUERA_DEL_ESTUDIO,FUERA_DEL_ESTUDIO,FUERA_DEL_ESTUDIO,FUERA_DEL_ESTUDIO,FUERA_DEL_ESTUDIO,FUERA_DEL_ESTUDIO,FUERA_DEL_ESTUDIO
P_002,Boomer_60_mas,C,Resto_Costa,media,bajo,directo_digital,independiente_microemprendedor,ninguna,auto,media,True,False,alta,baja,neutral,baja,voluntario,False,1.052,alta,62,True,no,,tambien_mi_pareja_o_yo,farmacia_sin_receta,falta_tiempo,lo_pedi_por_nombre,marca,teleconsulta_si_esta_incluida,prefiero_atencion_presencial
P_003,Boomer_60_mas,C,Resto_Costa,baja,bajo,broker_corredor,independiente_microemprendedor,AFP,moto_mototaxi,media,True,False,alta,baja,neutral,alta,voluntario,False,0.708,alta,62,True,si,Mapfre,tambien_mi_pareja_o_yo,farmacia_sin_receta,falta_tiempo,consejo_tecnico_farmacia,marca,vuelvo_a_la_farmacia,prefiero_atencion_presencial
P_004,Millennial_28_43,C,Lima_Metropolitana,baja,medio,bancaseguros,formal_dependiente,AFP,ninguno,alta,True,False,alta,media,desconfia,baja,solo_obligatorio,False,1.356,alta,43,True,no,,tambien_hijos,farmacia_sin_receta,falta_tiempo,consejo_tecnico_farmacia,marca,espero_un_poco_mas,que_me_confirme_un_profesional
P_005,Gen_X_44_59,C,Resto_Costa,alta,alto,broker_corredor,informal,ninguna,ninguno,media,True,False,alta,alta,desconfia,media,ninguno,False,0.951,alta,47,True,no,,solo_para_mi,botiquin_casero,costo,consejo_familiar,indistinto,vuelvo_a_la_farmacia,digital_pero_con_humano_disponible
P_006,Gen_Z_18_27,C,Selva,media,medio,broker_corredor,independiente_microemprendedor,ninguna,ninguno,media,False,True,alta,media,desconfia,baja,ninguno,False,0.936,alta,21,True,no,,solo_para_mi,consulta_remota_o_conocido,sistema_lento,consejo_familiar,marca,espero_un_poco_mas,que_me_confirme_un_profesional
P_007,Gen_X_44_59,C,Lima_Metropolitana,media,alto,directo_digital,independiente_microemprendedor,ninguna,moto_mototaxi,alta,True,False,alta,media,neutral,alta,ninguno,False,0.919,alta,48,True,no,,solo_para_mi,botiquin_casero,costo,receta_previa_guardada,indistinto,vuelvo_a_la_farmacia,digital_pero_con_humano_disponible
P_008,Boomer_60_mas,C,Lima_Metropolitana,baja,medio,directo_digital,independiente_microemprendedor,ninguna,ninguno,media,True,True,alta,media,confia_plena,media,ninguno,False,0.639,alta,65,True,no,,tambien_mi_pareja_o_yo,botiquin_casero,desconfianza_medico,consejo_familiar,marca,teleconsulta_si_esta_incluida,digital_pero_con_humano_disponible
P_009,Boomer_60_mas,C,Lima_Metropolitana,alta,medio,broker_corredor,independiente_microemprendedor,ninguna,ninguno,media,True,False,alta,baja,confia_plena,baja,solo_obligatorio,False,1.12,alta,65,True,no,,tambien_mi_pareja_o_yo,consulta_medica_formal,era_serio_o_tengo_cobertura,receta_del_medico,marca,teleconsulta_si_esta_incluida,prefiero_atencion_presencial
P_010,Gen_Z_18_27,C,Lima_Metropolitana,media,medio,directo_digital,formal_dependiente,ONP,auto,alta,True,False,alta,media,confia_plena,alta,solo_obligatorio,False,1.244,alta,21,True,no,,solo_para_mi,farmacia_sin_receta,falta_tiempo,consejo_tecnico_farmacia,generico,vuelvo_a_la_farmacia,rapida_y_digital_sin_hablar_con_nadie
P_011,Boomer_60_mas,C,Lima_Metropolitana,media,alto,broker_corredor,formal_dependiente,ninguna,ninguno,media,True,False,alta,media,confia_plena,baja,solo_obligatorio,False,1.083,media,60,True,no,,tambien_mi_pareja_o_yo,consulta_remota_o_conocido,sistema_lento,consejo_familiar,marca,teleconsulta_si_esta_incluida,que_me_confirme_un_profesional
P_012,Millennial_28_43,B,Lima_Metropolitana,baja,bajo,directo_digital,independiente_microemprendedor,ninguna,auto,alta,True,True,alta,alta,desconfia,media,voluntario,True,1.121,alta,37,True,si,Pacífico,tambien_hijos,consulta_remota_o_conocido,sistema_lento,consejo_familiar,marca,teleconsulta_si_esta_incluida,digital_pero_con_humano_disponible
P_013,Gen_X_44_59,B,Sierra,media,medio,directo_digital,formal_dependiente,ONP,ninguno,media,False,False,alta,media,desconfia,baja,solo_obligatorio,False,0.825,media,58,True,no,,tambien_hijos_y_mayores,consulta_remota_o_conocido,costo,consejo_familiar,marca,vuelvo_a_la_farmacia,que_me_confirme_un_profesional
P_014,Boomer_60_mas,C,Lima_Metropolitana,media,medio,broker_corredor,independiente_microemprendedor,ninguna,moto_mototaxi,media,True,False,alta,alta,desconfia,baja,ninguno,False,0.526,alta,60,True,no,,tambien_mi_pareja_o_yo,consulta_remota_o_conocido,sistema_lento,consejo_familiar,marca,espero_un_poco_mas,que_me_confirme_un_profesional
P_015,Gen_X_44_59,B,Selva,alta,alto,ninguno,formal_dependiente,ninguna,moto_mototaxi,media,True,False,baja,media,desconfia,baja,voluntario,False,1.03,baja,45,False,FUERA_DEL_ESTUDIO,FUERA_DEL_ESTUDIO,FUERA_DEL_ESTUDIO,FUERA_DEL_ESTUDIO,FUERA_DEL_ESTUDIO,FUERA_DEL_ESTUDIO,FUERA_DEL_ESTUDIO,FUERA_DEL_ESTUDIO,FUERA_DEL_ESTUDIO
P_016,Boomer_60_mas,C,Sierra,baja,alto,directo_digital,informal,ONP,ninguno,baja,False,False,media,baja,neutral,alta,ninguno,False,0.674,media,62,True,no,,tambien_mi_pareja_o_yo,botiquin_casero,sistema_lento,consejo_familiar,marca,vuelvo_a_la_farmacia,prefiero_atencion_presencial
P_017,Boomer_60_mas,C,Resto_Costa,baja,alto,ninguno,formal_dependiente,ONP,moto_mototaxi,media,True,False,media,baja,neutral,baja,ninguno,False,0.382,media,64,True,no,,solo_para_mi,botiquin_casero,sistema_lento,receta_previa_guardada,generico,vuelvo_a_la_farmacia,prefiero_atencion_presencial
P_018,Millennial_28_43,C,Selva,baja,medio,directo_digital,independiente_microemprendedor,ninguna,moto_mototaxi,media,False,False,baja,alta,neutral,alta,ninguno,False,0.476,alta,36,True,no,,tambien_hijos,botiquin_casero,falta_tiempo,consejo_familiar,marca,vuelvo_a_la_farmacia,digital_pero_con_humano_disponible
P_019,Boomer_60_mas,B,Sierra,media,bajo,bancaseguros,formal_dependiente,ONP,ninguno,media,True,False,alta,alta,neutral,alta,voluntario,True,1.064,media,64,True,no,,solo_para_mi,farmacia_sin_receta,falta_tiempo,lo_pedi_por_nombre,indistinto,teleconsulta_si_esta_incluida,digital_pero_con_humano_disponible
P_020,Boomer_60_mas,C,Sierra,media,medio,directo_digital,independiente_microemprendedor,ninguna,ninguno,baja,False,False,baja,baja,desconfia,baja,ninguno,False,0.651,media,63,False,FUERA_DEL_ESTUDIO,FUERA_DEL_ESTUDIO,FUERA_DEL_ESTUDIO,FUERA_DEL_ESTUDIO,FUERA_DEL_ESTUDIO,FUERA_DEL_ESTUDIO,FUERA_DEL_ESTUDIO,FUERA_DEL_ESTUDIO,FUERA_DEL_ESTUDIO
P_021,Gen_X_44_59,B,Resto_Costa,alta,alto,broker_corredor,formal_dependiente,ninguna,ninguno,alta,True,False,media,media,confia_plena,media,voluntario,True,1.154,media,48,True,si,La Positiva,tambien_hijos_y_mayores,consulta_medica_formal,era_serio_o_tengo_cobertura,receta_del_medico,marca,voy_al_medico_o_clinica,digital_pero_con_humano_disponible
P_022,Gen_X_44_59,C,Lima_Metropolitana,alta,alto,broker_corredor,informal,ninguna,auto,alta,True,False,alta,alta,desconfia,media,solo_obligatorio,False,1.169,alta,45,True,no,,tambien_hijos_y_mayores,farmacia_sin_receta,sistema_lento,lo_pedi_por_nombre,marca,vuelvo_a_la_farmacia,digital_pero_con_humano_disponible
P_023,Gen_X_44_59,C,Lima_Metropolitana,baja,bajo,bancaseguros,independiente_microemprendedor,AFP,auto,alta,True,False,alta,alta,desconfia,media,ninguno,False,0.773,alta,46,True,no,,tambien_hijos_y_mayores,farmacia_sin_receta,era_leve,consejo_tecnico_farmacia,marca,espero_un_poco_mas,digital_pero_con_humano_disponible
P_024,Millennial_28_43,B,Resto_Costa,baja,alto,bancaseguros,independiente_microemprendedor,ninguna,ninguno,alta,True,False,alta,media,desconfia,media,voluntario,False,0.712,media,41,True,si,Sanitas,tambien_hijos,farmacia_sin_receta,desconfianza_medico,consejo_tecnico_farmacia,marca,vuelvo_a_la_farmacia,digital_pero_con_humano_disponible
P_025,Boomer_60_mas,C,Selva,baja,alto,bancaseguros,independiente_microemprendedor,ninguna,ninguno,baja,True,False,media,baja,desconfia,baja,ninguno,False,0.864,media,63,False,FUERA_DEL_ESTUDIO,FUERA_DEL_ESTUDIO,FUERA_DEL_ESTUDIO,FUERA_DEL_ESTUDIO,FUERA_DEL_ESTUDIO,FUERA_DEL_ESTUDIO,FUERA_DEL_ESTUDIO,FUERA_DEL_ESTUDIO,FUERA_DEL_ESTUDIO
P_026,Gen_Z_18_27,C,Lima_Metropolitana,baja,alto,bancaseguros,formal_dependiente,AFP,auto,alta,True,False,alta,media,neutral,baja,ninguno,False,0.574,media,23,True,no,,solo_para_mi,botiquin_casero,era_leve,receta_previa_guardada,marca,espero_un_poco_mas,rapida_y_digital_sin_hablar_con_nadie
P_027,Gen_X_44_59,B,Resto_Costa,media,alto,directo_digital,informal,ninguna,ninguno,alta,True,False,media,baja,desconfia,baja,ninguno,False,0.611,media,59,True,no,,solo_para_mi,botiquin_casero,sistema_lento,receta_previa_guardada,indistinto,espero_un_poco_mas,prefiero_atencion_presencial
P_028,Millennial_28_43,C,Resto_Costa,baja,alto,directo_digital,informal,ninguna,ninguno,alta,True,False,alta,alta,desconfia,baja,ninguno,False,0.384,alta,28,True,no,,tambien_hijos,farmacia_sin_receta,sistema_lento,consejo_tecnico_farmacia,marca,espero_un_poco_mas,digital_pero_con_humano_disponible
P_029,Gen_X_44_59,C,Sierra,media,alto,ninguno,independiente_microemprendedor,AFP,moto_mototaxi,media,True,False,media,baja,desconfia,baja,voluntario,False,1.052,media,47,True,no,,solo_para_mi,botiquin_casero,sistema_lento,receta_previa_guardada,generico,espero_un_poco_mas,prefiero_atencion_presencial
P_030,Gen_X_44_59,B,Sierra,baja,bajo,bancaseguros,informal,ninguna,ninguno,media,True,False,alta,media,confia_plena,baja,solo_obligatorio,False,1.485,alta,55,True,no,,tambien_hijos_y_mayores,consulta_remota_o_conocido,sistema_lento,consejo_familiar,marca,vuelvo_a_la_farmacia,que_me_confirme_un_profesional
P_031,Boomer_60_mas,B,Resto_Costa,baja,bajo,bancaseguros,formal_dependiente,ninguna,moto_mototaxi,media,True,False,alta,alta,confia_plena,alta,ninguno,False,0.402,media,62,True,no,,solo_para_mi,botiquin_casero,falta_tiempo,consejo_familiar,indistinto,teleconsulta_si_esta_incluida,digital_pero_con_humano_disponible
P_032,Boomer_60_mas,B,Resto_Costa,alta,bajo,bancaseguros,informal,ninguna,moto_mototaxi,media,True,False,alta,alta,desconfia,media,ninguno,False,0.744,alta,65,True,no,,tambien_mi_pareja_o_yo,farmacia_sin_receta,falta_tiempo,consejo_tecnico_farmacia,marca,espero_un_poco_mas,que_me_confirme_un_profesional
P_033,Boomer_60_mas,C,Sierra,media,medio,broker_corredor,formal_dependiente,AFP,auto,baja,False,False,media,baja,confia_plena,baja,solo_obligatorio,False,0.926,media,63,True,no,,solo_para_mi,botiquin_casero,falta_tiempo,receta_previa_guardada,generico,vuelvo_a_la_farmacia,prefiero_atencion_presencial
P_034,Gen_X_44_59,C,Resto_Costa,baja,alto,directo_digital,informal,ninguna,ninguno,media,False,False,media,alta,desconfia,media,ninguno,False,1.097,alta,48,True,no,,tambien_hijos_y_mayores,botiquin_casero,falta_tiempo,consejo_familiar,marca,espero_un_poco_mas,que_me_confirme_un_profesional
P_035,Gen_X_44_59,C,Sierra,baja,bajo,broker_corredor,informal,ninguna,moto_mototaxi,media,True,False,alta,media,neutral,baja,ninguno,False,0.726,alta,44,True,no,,tambien_hijos_y_mayores,botiquin_casero,era_leve,consejo_familiar,marca,vuelvo_a_la_farmacia,que_me_confirme_un_profesional
P_036,Gen_X_44_59,C,Lima_Metropolitana,baja,medio,broker_corredor,informal,ninguna,auto,alta,True,False,alta,media,neutral,media,voluntario,False,0.877,alta,45,True,no,,tambien_hijos_y_mayores,botiquin_casero,falta_tiempo,consejo_familiar,marca,voy_al_medico_o_clinica,digital_pero_con_humano_disponible
P_037,Gen_X_44_59,C,Selva,baja,medio,bancaseguros,informal,ninguna,ninguno,baja,False,False,baja,baja,desconfia,baja,ninguno,False,0.529,media,53,False,FUERA_DEL_ESTUDIO,FUERA_DEL_ESTUDIO,FUERA_DEL_ESTUDIO,FUERA_DEL_ESTUDIO,FUERA_DEL_ESTUDIO,FUERA_DEL_ESTUDIO,FUERA_DEL_ESTUDIO,FUERA_DEL_ESTUDIO,FUERA_DEL_ESTUDIO
P_038,Gen_X_44_59,C,Sierra,baja,medio,bancaseguros,formal_dependiente,AFP,moto_mototaxi,media,True,False,media,alta,neutral,media,solo_obligatorio,False,1.517,media,59,True,no,,tambien_hijos_y_mayores,consulta_remota_o_conocido,sistema_lento,consejo_familiar,marca,espero_un_poco_mas,digital_pero_con_humano_disponible
P_039,Gen_X_44_59,C,Lima_Metropolitana,baja,medio,bancaseguros,independiente_microemprendedor,ninguna,auto,alta,True,False,alta,media,neutral,baja,solo_obligatorio,False,1.277,alta,45,True,no,,solo_para_mi,botiquin_casero,sistema_lento,receta_previa_guardada,indistinto,vuelvo_a_la_farmacia,que_me_confirme_un_profesional
P_040,Millennial_28_43,B,Resto_Costa,media,medio,directo_digital,formal_dependiente,AFP,ninguno,alta,True,False,media,baja,neutral,baja,solo_obligatorio,False,1.219,media,30,True,no,,solo_para_mi,consulta_remota_o_conocido,falta_tiempo,consejo_familiar,generico,teleconsulta_si_esta_incluida,que_me_confirme_un_profesional
P_041,Millennial_28_43,C,Resto_Costa,media,medio,directo_digital,formal_dependiente,ONP,auto,alta,True,False,alta,alta,desconfia,media,solo_obligatorio,False,0.953,alta,31,True,no,,solo_para_mi,farmacia_sin_receta,falta_tiempo,lo_pedi_por_nombre,generico,vuelvo_a_la_farmacia,rapida_y_digital_sin_hablar_con_nadie
P_042,Boomer_60_mas,C,Lima_Metropolitana,media,alto,broker_corredor,formal_dependiente,AFP,ninguno,media,True,False,media,media,desconfia,baja,solo_obligatorio,False,0.746,media,62,True,no,,solo_para_mi,farmacia_sin_receta,desconfianza_medico,lo_pedi_por_nombre,indistinto,espero_un_poco_mas,que_me_confirme_un_profesional
P_043,Millennial_28_43,C,Resto_Costa,media,medio,directo_digital,formal_dependiente,AFP,auto,alta,True,False,alta,media,neutral,media,voluntario,False,0.889,alta,35,True,no,,tambien_hijos,consulta_remota_o_conocido,era_leve,consejo_familiar,marca,teleconsulta_si_esta_incluida,rapida_y_digital_sin_hablar_con_nadie
P_044,Boomer_60_mas,C,Resto_Costa,baja,alto,bancaseguros,informal,ninguna,moto_mototaxi,media,False,False,alta,alta,desconfia,baja,ninguno,False,0.632,alta,64,True,no,,tambien_mi_pareja_o_yo,botiquin_casero,sistema_lento,receta_previa_guardada,marca,espero_un_poco_mas,prefiero_atencion_presencial
P_045,Gen_X_44_59,C,Resto_Costa,alta,alto,broker_corredor,informal,ninguna,moto_mototaxi,media,True,False,alta,baja,neutral,media,ninguno,False,1.08,alta,45,True,no,,solo_para_mi,botiquin_casero,sistema_lento,consejo_familiar,indistinto,vuelvo_a_la_farmacia,prefiero_atencion_presencial
P_046,Gen_Z_18_27,A,Lima_Metropolitana,media,alto,directo_digital,formal_dependiente,ONP,moto_mototaxi,alta,True,False,alta,alta,desconfia,baja,voluntario,False,0.89,baja,26,True,si,Sanitas,solo_para_mi,consulta_medica_formal,era_serio_o_tengo_cobertura,receta_del_medico,generico,voy_al_medico_o_clinica,rapida_y_digital_sin_hablar_con_nadie
P_047,Gen_Z_18_27,B,Lima_Metropolitana,baja,medio,broker_corredor,formal_dependiente,AFP,auto,alta,False,False,alta,alta,confia_plena,baja,solo_obligatorio,False,1.013,media,19,True,no,,solo_para_mi,consulta_remota_o_conocido,falta_tiempo,consejo_familiar,marca,voy_al_medico_o_clinica,rapida_y_digital_sin_hablar_con_nadie
P_048,Gen_X_44_59,B,Sierra,media,alto,ninguno,informal,ninguna,moto_mototaxi,media,True,False,baja,baja,desconfia,baja,ninguno,False,0.406,media,49,False,FUERA_DEL_ESTUDIO,FUERA_DEL_ESTUDIO,FUERA_DEL_ESTUDIO,FUERA_DEL_ESTUDIO,FUERA_DEL_ESTUDIO,FUERA_DEL_ESTUDIO,FUERA_DEL_ESTUDIO,FUERA_DEL_ESTUDIO,FUERA_DEL_ESTUDIO
P_049,Gen_X_44_59,B,Lima_Metropolitana,media,medio,broker_corredor,formal_dependiente,AFP,ninguno,alta,True,False,alta,alta,desconfia,baja,voluntario,True,0.807,media,55,True,no,,tambien_hijos_y_mayores,consulta_remota_o_conocido,era_leve,consejo_familiar,marca,voy_al_medico_o_clinica,digital_pero_con_humano_disponible
P_050,Boomer_60_mas,C,Sierra,baja,alto,directo_digital,informal,ninguna,ninguno,baja,True,False,media,media,neutral,media,ninguno,False,0.455,media,62,True,no,,solo_para_mi,botiquin_casero,sistema_lento,consejo_familiar,indistinto,vuelvo_a_la_farmacia,prefiero_atencion_presencial
P_051,Gen_Z_18_27,C,Resto_Costa,baja,medio,bancaseguros,formal_dependiente,AFP,moto_mototaxi,alta,True,False,alta,media,neutral,baja,solo_obligatorio,False,1.104,alta,26,True,no,,solo_para_mi,farmacia_sin_receta,era_leve,lo_pedi_por_nombre,marca,vuelvo_a_la_farmacia,rapida_y_digital_sin_hablar_con_nadie
P_052,Gen_Z_18_27,C,Sierra,media,alto,bancaseguros,informal,ninguna,ninguno,alta,True,True,media,baja,confia_plena,baja,ninguno,False,0.777,alta,25,True,no,,tambien_terceros,botiquin_casero,desconfianza_medico,receta_previa_guardada,generico,vuelvo_a_la_farmacia,rapida_y_digital_sin_hablar_con_nadie
P_053,Gen_X_44_59,C,Sierra,media,alto,bancaseguros,informal,AFP,moto_mototaxi,media,False,False,alta,alta,desconfia,media,voluntario,False,1.154,alta,47,True,no,,tambien_hijos_y_mayores,farmacia_sin_receta,sistema_lento,consejo_tecnico_farmacia,marca,vuelvo_a_la_farmacia,que_me_confirme_un_profesional
P_054,Boomer_60_mas,C,Lima_Metropolitana,media,medio,bancaseguros,independiente_microemprendedor,ninguna,ninguno,media,True,False,alta,media,desconfia,baja,solo_obligatorio,False,1.064,alta,61,True,no,,tambien_mi_pareja_o_yo,consulta_remota_o_conocido,desconfianza_medico,consejo_familiar,marca,espero_un_poco_mas,que_me_confirme_un_profesional
P_055,Boomer_60_mas,C,Resto_Costa,baja,alto,bancaseguros,independiente_microemprendedor,ninguna,ninguno,media,False,False,alta,baja,confia_plena,baja,voluntario,False,1.07,media,65,False,FUERA_DEL_ESTUDIO,FUERA_DEL_ESTUDIO,FUERA_DEL_ESTUDIO,FUERA_DEL_ESTUDIO,FUERA_DEL_ESTUDIO,FUERA_DEL_ESTUDIO,FUERA_DEL_ESTUDIO,FUERA_DEL_ESTUDIO,FUERA_DEL_ESTUDIO
P_056,Gen_Z_18_27,C,Sierra,baja,medio,bancaseguros,formal_dependiente,AFP,moto_mototaxi,alta,True,False,baja,alta,desconfia,media,voluntario,False,0.95,alta,20,True,no,,solo_para_mi,farmacia_sin_receta,sistema_lento,consejo_tecnico_farmacia,marca,vuelvo_a_la_farmacia,digital_pero_con_humano_disponible
P_057,Gen_Z_18_27,C,Sierra,baja,medio,directo_digital,formal_dependiente,AFP,auto,alta,True,False,media,alta,desconfia,baja,solo_obligatorio,False,1.041,alta,21,False,FUERA_DEL_ESTUDIO,FUERA_DEL_ESTUDIO,FUERA_DEL_ESTUDIO,FUERA_DEL_ESTUDIO,FUERA_DEL_ESTUDIO,FUERA_DEL_ESTUDIO,FUERA_DEL_ESTUDIO,FUERA_DEL_ESTUDIO,FUERA_DEL_ESTUDIO
P_058,Millennial_28_43,B,Sierra,alta,medio,broker_corredor,formal_dependiente,ninguna,ninguno,alta,True,False,baja,baja,desconfia,baja,ninguno,False,0.913,media,33,True,no,,tambien_hijos,consulta_remota_o_conocido,costo,consejo_familiar,marca,vuelvo_a_la_farmacia,que_me_confirme_un_profesional
P_059,Gen_X_44_59,B,Resto_Costa,baja,alto,directo_digital,informal,ninguna,auto,alta,True,False,alta,media,desconfia,media,ninguno,False,0.726,media,45,True,no,,solo_para_mi,botiquin_casero,desconfianza_medico,consejo_familiar,generico,vuelvo_a_la_farmacia,digital_pero_con_humano_disponible
P_060,Gen_X_44_59,C,Resto_Costa,baja,medio,broker_corredor,formal_dependiente,AFP,moto_mototaxi,media,True,False,alta,media,confia_plena,alta,solo_obligatorio,False,0.739,media,46,True,no,,solo_para_mi,botiquin_casero,costo,consejo_familiar,indistinto,vuelvo_a_la_farmacia,digital_pero_con_humano_disponible
P_061,Millennial_28_43,C,Lima_Metropolitana,baja,alto,broker_corredor,informal,AFP,auto,alta,True,False,alta,alta,confia_plena,alta,solo_obligatorio,False,1.348,alta,43,True,no,,tambien_hijos,farmacia_sin_receta,sistema_lento,consejo_tecnico_farmacia,marca,vuelvo_a_la_farmacia,rapida_y_digital_sin_hablar_con_nadie
P_062,Boomer_60_mas,B,Resto_Costa,media,medio,ninguno,formal_dependiente,ninguna,ninguno,media,True,False,alta,baja,desconfia,media,voluntario,False,0.985,media,61,True,si,Sanitas,tambien_mi_pareja_o_yo,consulta_medica_formal,era_serio_o_tengo_cobertura,receta_del_medico,marca,teleconsulta_si_esta_incluida,prefiero_atencion_presencial
P_063,Gen_Z_18_27,C,Resto_Costa,baja,alto,bancaseguros,independiente_microemprendedor,ninguna,ninguno,alta,True,True,media,media,neutral,baja,ninguno,False,0.583,alta,22,True,no,,tambien_terceros,botiquin_casero,costo,receta_previa_guardada,indistinto,espero_un_poco_mas,rapida_y_digital_sin_hablar_con_nadie
P_064,Millennial_28_43,C,Selva,media,alto,bancaseguros,independiente_microemprendedor,ninguna,ninguno,media,False,False,media,baja,confia_plena,alta,voluntario,False,1.076,media,35,True,no,,solo_para_mi,botiquin_casero,sistema_lento,receta_previa_guardada,generico,teleconsulta_si_esta_incluida,que_me_confirme_un_profesional
P_065,Boomer_60_mas,C,Lima_Metropolitana,media,bajo,broker_corredor,informal,ninguna,auto,media,True,False,alta,media,desconfia,baja,voluntario,False,1.364,alta,64,True,no,,tambien_mi_pareja_o_yo,farmacia_sin_receta,era_leve,lo_pedi_por_nombre,marca,teleconsulta_si_esta_incluida,prefiero_atencion_presencial
P_066,Boomer_60_mas,C,Selva,baja,bajo,broker_corredor,informal,ninguna,ninguno,baja,True,False,baja,alta,desconfia,alta,ninguno,False,0.695,alta,61,False,FUERA_DEL_ESTUDIO,FUERA_DEL_ESTUDIO,FUERA_DEL_ESTUDIO,FUERA_DEL_ESTUDIO,FUERA_DEL_ESTUDIO,FUERA_DEL_ESTUDIO,FUERA_DEL_ESTUDIO,FUERA_DEL_ESTUDIO,FUERA_DEL_ESTUDIO
P_067,Gen_X_44_59,C,Sierra,media,alto,bancaseguros,informal,ninguna,ninguno,media,True,False,media,alta,neutral,media,solo_obligatorio,False,1.132,alta,56,True,no,,tambien_hijos_y_mayores,farmacia_sin_receta,era_leve,consejo_tecnico_farmacia,marca,espero_un_poco_mas,digital_pero_con_humano_disponible
P_068,Gen_X_44_59,A,Resto_Costa,baja,medio,bancaseguros,independiente_microemprendedor,ninguna,auto,alta,True,False,media,media,neutral,baja,solo_obligatorio,False,0.921,media,49,True,no,,tambien_hijos_y_mayores,consulta_remota_o_conocido,sistema_lento,consejo_familiar,marca,voy_al_medico_o_clinica,que_me_confirme_un_profesional
P_069,Millennial_28_43,A,Sierra,alta,bajo,broker_corredor,formal_dependiente,ONP,ninguno,alta,True,False,alta,alta,confia_plena,alta,voluntario,True,1.21,media,29,True,si,La Positiva,tambien_hijos,consulta_medica_formal,era_serio_o_tengo_cobertura,receta_del_medico,marca,voy_al_medico_o_clinica,rapida_y_digital_sin_hablar_con_nadie
P_070,Millennial_28_43,C,Resto_Costa,media,alto,broker_corredor,independiente_microemprendedor,AFP,ninguno,alta,True,False,alta,alta,confia_plena,alta,voluntario,False,1.213,alta,37,True,no,,tambien_hijos,farmacia_sin_receta,era_leve,consejo_tecnico_farmacia,marca,teleconsulta_si_esta_incluida,rapida_y_digital_sin_hablar_con_nadie
P_071,Millennial_28_43,B,Selva,baja,bajo,broker_corredor,formal_dependiente,AFP,moto_mototaxi,media,True,False,media,alta,desconfia,media,voluntario,False,1.002,media,42,True,no,,solo_para_mi,farmacia_sin_receta,falta_tiempo,lo_pedi_por_nombre,marca,teleconsulta_si_esta_incluida,digital_pero_con_humano_disponible
P_072,Millennial_28_43,C,Lima_Metropolitana,media,alto,bancaseguros,informal,ninguna,auto,alta,True,False,media,alta,desconfia,baja,ninguno,False,0.695,alta,38,True,no,,solo_para_mi,botiquin_casero,falta_tiempo,consejo_familiar,indistinto,vuelvo_a_la_farmacia,digital_pero_con_humano_disponible
P_073,Gen_X_44_59,B,Lima_Metropolitana,baja,alto,directo_digital,formal_dependiente,AFP,ninguno,alta,True,False,alta,baja,desconfia,alta,ninguno,False,0.624,media,45,True,no,,tambien_hijos_y_mayores,consulta_medica_formal,era_serio_o_tengo_cobertura,receta_del_medico,marca,vuelvo_a_la_farmacia,que_me_confirme_un_profesional
P_074,Boomer_60_mas,C,Lima_Metropolitana,media,alto,bancaseguros,independiente_microemprendedor,AFP,ninguno,media,True,False,alta,media,confia_plena,alta,solo_obligatorio,False,1.025,media,60,True,no,,solo_para_mi,farmacia_sin_receta,sistema_lento,consejo_tecnico_farmacia,marca,vuelvo_a_la_farmacia,que_me_confirme_un_profesional
P_075,Millennial_28_43,C,Sierra,baja,alto,bancaseguros,formal_dependiente,AFP,ninguno,media,True,False,alta,media,confia_plena,media,voluntario,False,1.076,media,37,False,FUERA_DEL_ESTUDIO,FUERA_DEL_ESTUDIO,FUERA_DEL_ESTUDIO,FUERA_DEL_ESTUDIO,FUERA_DEL_ESTUDIO,FUERA_DEL_ESTUDIO,FUERA_DEL_ESTUDIO,FUERA_DEL_ESTUDIO,FUERA_DEL_ESTUDIO
P_076,Gen_X_44_59,C,Resto_Costa,baja,medio,broker_corredor,formal_dependiente,ONP,moto_mototaxi,media,True,False,alta,media,neutral,alta,solo_obligatorio,False,0.9,media,47,True,no,,solo_para_mi,botiquin_casero,falta_tiempo,consejo_familiar,indistinto,vuelvo_a_la_farmacia,que_me_confirme_un_profesional
P_077,Gen_X_44_59,A,Sierra,alta,medio,directo_digital,formal_dependiente,ONP,moto_mototaxi,alta,True,False,media,media,confia_plena,alta,voluntario,False,0.939,media,44,True,si,RIMAC,tambien_hijos_y_mayores,consulta_medica_formal,era_serio_o_tengo_cobertura,receta_del_medico,marca,voy_al_medico_o_clinica,digital_pero_con_humano_disponible
P_078,Boomer_60_mas,C,Lima_Metropolitana,baja,bajo,ninguno,independiente_microemprendedor,AFP,auto,media,True,False,alta,media,neutral,baja,ninguno,False,0.837,alta,62,True,no,,solo_para_mi,botiquin_casero,costo,consejo_familiar,indistinto,vuelvo_a_la_farmacia,que_me_confirme_un_profesional
P_079,Boomer_60_mas,B,Lima_Metropolitana,baja,medio,broker_corredor,formal_dependiente,ninguna,ninguno,alta,True,False,alta,media,neutral,baja,solo_obligatorio,True,1.087,media,63,True,no,,tambien_mi_pareja_o_yo,consulta_medica_formal,era_serio_o_tengo_cobertura,receta_del_medico,marca,teleconsulta_si_esta_incluida,que_me_confirme_un_profesional
P_080,Gen_X_44_59,C,Lima_Metropolitana,media,bajo,bancaseguros,formal_dependiente,AFP,auto,alta,True,False,alta,alta,desconfia,alta,ninguno,False,0.574,alta,59,True,no,,solo_para_mi,botiquin_casero,era_leve,consejo_familiar,generico,vuelvo_a_la_farmacia,digital_pero_con_humano_disponible
P_081,Millennial_28_43,C,Lima_Metropolitana,baja,alto,bancaseguros,independiente_microemprendedor,ONP,ninguno,alta,False,True,alta,media,confia_plena,media,solo_obligatorio,True,0.852,alta,30,True,no,,tambien_hijos,farmacia_sin_receta,sistema_lento,consejo_tecnico_farmacia,marca,vuelvo_a_la_farmacia,rapida_y_digital_sin_hablar_con_nadie
P_082,Gen_X_44_59,B,Resto_Costa,media,medio,ninguno,formal_dependiente,AFP,auto,alta,True,False,alta,media,neutral,media,voluntario,False,0.836,media,50,False,FUERA_DEL_ESTUDIO,FUERA_DEL_ESTUDIO,FUERA_DEL_ESTUDIO,FUERA_DEL_ESTUDIO,FUERA_DEL_ESTUDIO,FUERA_DEL_ESTUDIO,FUERA_DEL_ESTUDIO,FUERA_DEL_ESTUDIO,FUERA_DEL_ESTUDIO
P_083,Gen_X_44_59,B,Resto_Costa,baja,medio,bancaseguros,independiente_microemprendedor,AFP,ninguno,alta,True,False,alta,baja,desconfia,baja,voluntario,False,1.141,alta,49,True,si,Mapfre,tambien_hijos_y_mayores,consulta_remota_o_conocido,falta_tiempo,consejo_familiar,marca,teleconsulta_si_esta_incluida,prefiero_atencion_presencial
P_084,Boomer_60_mas,C,Lima_Metropolitana,media,alto,bancaseguros,independiente_microemprendedor,ninguna,ninguno,media,True,False,alta,media,desconfia,media,ninguno,False,0.793,media,61,True,no,,tambien_mi_pareja_o_yo,farmacia_sin_receta,era_leve,lo_pedi_por_nombre,marca,vuelvo_a_la_farmacia,prefiero_atencion_presencial
P_085,Gen_Z_18_27,C,Resto_Costa,media,medio,directo_digital,informal,ninguna,ninguno,alta,True,False,alta,alta,neutral,media,ninguno,False,0.791,alta,21,True,no,,tambien_terceros,botiquin_casero,sistema_lento,consejo_familiar,generico,vuelvo_a_la_farmacia,rapida_y_digital_sin_hablar_con_nadie
P_086,Gen_Z_18_27,B,Selva,alta,bajo,broker_corredor,formal_dependiente,AFP,ninguno,alta,True,False,alta,media,desconfia,baja,solo_obligatorio,False,0.659,media,20,True,no,,solo_para_mi,consulta_remota_o_conocido,falta_tiempo,consejo_familiar,generico,vuelvo_a_la_farmacia,digital_pero_con_humano_disponible
P_087,Gen_X_44_59,C,Lima_Metropolitana,baja,medio,directo_digital,formal_dependiente,ONP,auto,alta,False,False,alta,baja,desconfia,baja,ninguno,False,0.873,alta,47,True,no,,tambien_hijos_y_mayores,farmacia_sin_receta,falta_tiempo,consejo_tecnico_farmacia,marca,espero_un_poco_mas,prefiero_atencion_presencial
P_088,Millennial_28_43,C,Sierra,media,medio,directo_digital,informal,ninguna,ninguno,media,False,False,alta,media,neutral,baja,voluntario,False,1.302,alta,31,True,no,,solo_para_mi,botiquin_casero,sistema_lento,receta_previa_guardada,indistinto,vuelvo_a_la_farmacia,que_me_confirme_un_profesional
P_089,Millennial_28_43,C,Selva,baja,medio,broker_corredor,independiente_microemprendedor,ninguna,moto_mototaxi,media,False,False,baja,baja,neutral,baja,ninguno,False,0.483,alta,29,True,no,,tambien_hijos,botiquin_casero,era_leve,receta_previa_guardada,marca,espero_un_poco_mas,que_me_confirme_un_profesional
P_090,Gen_X_44_59,B,Lima_Metropolitana,baja,alto,bancaseguros,formal_dependiente,ninguna,ninguno,alta,True,False,alta,baja,confia_plena,baja,voluntario,False,0.853,media,49,True,si,Pacífico,tambien_hijos_y_mayores,consulta_medica_formal,era_serio_o_tengo_cobertura,receta_del_medico,marca,voy_al_medico_o_clinica,que_me_confirme_un_profesional
P_091,Boomer_60_mas,C,Lima_Metropolitana,alta,bajo,directo_digital,independiente_microemprendedor,ninguna,auto,media,True,False,alta,alta,desconfia,baja,solo_obligatorio,False,1.463,alta,62,True,no,,solo_para_mi,farmacia_sin_receta,era_leve,consejo_tecnico_farmacia,marca,espero_un_poco_mas,que_me_confirme_un_profesional
P_092,Gen_X_44_59,C,Lima_Metropolitana,media,alto,broker_corredor,formal_dependiente,AFP,ninguno,alta,True,False,alta,alta,confia_plena,media,solo_obligatorio,False,0.884,media,54,True,no,,solo_para_mi,farmacia_sin_receta,costo,consejo_tecnico_farmacia,generico,vuelvo_a_la_farmacia,rapida_y_digital_sin_hablar_con_nadie
P_093,Boomer_60_mas,C,Sierra,media,alto,directo_digital,informal,ninguna,ninguno,baja,True,False,baja,media,desconfia,media,solo_obligatorio,False,1.142,media,64,True,no,,tambien_mi_pareja_o_yo,farmacia_sin_receta,falta_tiempo,lo_pedi_por_nombre,marca,vuelvo_a_la_farmacia,prefiero_atencion_presencial
P_094,Millennial_28_43,C,Sierra,baja,bajo,bancaseguros,formal_dependiente,AFP,moto_mototaxi,media,True,False,baja,alta,desconfia,baja,ninguno,False,0.724,alta,37,True,no,,solo_para_mi,botiquin_casero,era_leve,receta_previa_guardada,generico,espero_un_poco_mas,digital_pero_con_humano_disponible
P_095,Millennial_28_43,C,Resto_Costa,media,medio,directo_digital,informal,ninguna,ninguno,alta,True,False,alta,alta,desconfia,baja,ninguno,False,0.606,alta,33,True,no,,solo_para_mi,botiquin_casero,sistema_lento,receta_previa_guardada,marca,espero_un_poco_mas,digital_pero_con_humano_disponible
P_096,Millennial_28_43,C,Sierra,alta,medio,bancaseguros,independiente_microemprendedor,AFP,ninguno,media,False,False,media,media,confia_plena,media,solo_obligatorio,False,0.995,alta,38,True,no,,tambien_hijos,consulta_remota_o_conocido,falta_tiempo,consejo_familiar,marca,vuelvo_a_la_farmacia,digital_pero_con_humano_disponible
P_097,Millennial_28_43,C,Sierra,media,alto,directo_digital,formal_dependiente,ONP,moto_mototaxi,media,True,False,media,media,desconfia,baja,ninguno,False,0.538,media,41,True,no,,tambien_hijos,farmacia_sin_receta,era_leve,lo_pedi_por_nombre,marca,espero_un_poco_mas,que_me_confirme_un_profesional
P_098,Boomer_60_mas,C,Lima_Metropolitana,baja,bajo,directo_digital,independiente_microemprendedor,AFP,ninguno,media,True,False,alta,alta,neutral,media,ninguno,False,0.766,alta,62,False,FUERA_DEL_ESTUDIO,FUERA_DEL_ESTUDIO,FUERA_DEL_ESTUDIO,FUERA_DEL_ESTUDIO,FUERA_DEL_ESTUDIO,FUERA_DEL_ESTUDIO,FUERA_DEL_ESTUDIO,FUERA_DEL_ESTUDIO,FUERA_DEL_ESTUDIO
P_099,Gen_X_44_59,C,Lima_Metropolitana,media,alto,directo_digital,formal_dependiente,AFP,moto_mototaxi,alta,True,False,alta,media,desconfia,baja,ninguno,False,0.599,media,52,True,no,,tambien_hijos_y_mayores,consulta_remota_o_conocido,sistema_lento,consejo_familiar,marca,vuelvo_a_la_farmacia,que_me_confirme_un_profesional
P_100,Gen_Z_18_27,B,Selva,media,bajo,ninguno,formal_dependiente,ONP,ninguno,alta,True,False,media,media,neutral,baja,solo_obligatorio,False,1.178,media,25,True,no,,solo_para_mi,consulta_medica_formal,era_serio_o_tengo_cobertura,receta_del_medico,marca,teleconsulta_si_esta_incluida,digital_pero_con_humano_disponible
P_101,Millennial_28_43,C,Lima_Metropolitana,media,medio,bancaseguros,informal,AFP,ninguno,alta,True,False,alta,media,confia_plena,alta,solo_obligatorio,False,1.028,alta,30,True,no,,solo_para_mi,botiquin_casero,sistema_lento,consejo_familiar,indistinto,teleconsulta_si_esta_incluida,rapida_y_digital_sin_hablar_con_nadie
P_102,Boomer_60_mas,C,Lima_Metropolitana,media,bajo,broker_corredor,formal_dependiente,ONP,ninguno,media,False,False,alta,media,desconfia,alta,solo_obligatorio,False,1.114,alta,63,True,no,,tambien_mi_pareja_o_yo,consulta_remota_o_conocido,sistema_lento,consejo_familiar,marca,espero_un_poco_mas,prefiero_atencion_presencial
P_103,Boomer_60_mas,B,Lima_Metropolitana,media,medio,broker_corredor,formal_dependiente,AFP,ninguno,alta,True,False,alta,media,neutral,baja,solo_obligatorio,False,0.979,media,65,True,no,,tambien_mi_pareja_o_yo,consulta_medica_formal,era_serio_o_tengo_cobertura,receta_del_medico,marca,vuelvo_a_la_farmacia,que_me_confirme_un_profesional
P_104,Gen_Z_18_27,B,Lima_Metropolitana,media,bajo,bancaseguros,formal_dependiente,AFP,ninguno,alta,True,False,alta,baja,confia_plena,baja,voluntario,False,0.953,media,20,True,si,RIMAC,solo_para_mi,consulta_remota_o_conocido,sistema_lento,consejo_familiar,marca,voy_al_medico_o_clinica,que_me_confirme_un_profesional
P_105,Millennial_28_43,C,Sierra,media,bajo,directo_digital,formal_dependiente,AFP,moto_mototaxi,media,True,False,alta,media,desconfia,baja,solo_obligatorio,False,0.954,alta,33,True,no,,tambien_hijos,farmacia_sin_receta,sistema_lento,consejo_tecnico_farmacia,marca,espero_un_poco_mas,que_me_confirme_un_profesional
P_106,Boomer_60_mas,B,Lima_Metropolitana,baja,alto,directo_digital,formal_dependiente,AFP,auto,alta,True,False,alta,baja,desconfia,baja,voluntario,True,1.172,media,64,True,si,Pacífico,tambien_mi_pareja_o_yo,consulta_remota_o_conocido,sistema_lento,consejo_familiar,marca,teleconsulta_si_esta_incluida,prefiero_atencion_presencial
P_107,Gen_Z_18_27,C,Selva,baja,medio,directo_digital,formal_dependiente,ONP,moto_mototaxi,media,True,False,media,alta,desconfia,media,ninguno,False,0.821,media,27,True,no,,tambien_terceros,botiquin_casero,era_leve,consejo_familiar,generico,vuelvo_a_la_farmacia,digital_pero_con_humano_disponible
P_108,Millennial_28_43,B,Resto_Costa,baja,medio,directo_digital,formal_dependiente,AFP,ninguno,alta,True,False,alta,media,neutral,baja,voluntario,True,1.226,media,30,False,FUERA_DEL_ESTUDIO,FUERA_DEL_ESTUDIO,FUERA_DEL_ESTUDIO,FUERA_DEL_ESTUDIO,FUERA_DEL_ESTUDIO,FUERA_DEL_ESTUDIO,FUERA_DEL_ESTUDIO,FUERA_DEL_ESTUDIO,FUERA_DEL_ESTUDIO
P_109,Gen_X_44_59,B,Sierra,baja,medio,bancaseguros,formal_dependiente,AFP,ninguno,media,True,False,alta,alta,confia_plena,media,solo_obligatorio,False,0.806,media,57,True,no,,tambien_hijos_y_mayores,consulta_remota_o_conocido,costo,consejo_familiar,marca,teleconsulta_si_esta_incluida,rapida_y_digital_sin_hablar_con_nadie
P_110,Gen_Z_18_27,C,Selva,media,alto,ninguno,formal_dependiente,ONP,ninguno,media,True,False,media,alta,neutral,baja,solo_obligatorio,False,0.679,media,22,True,no,,solo_para_mi,consulta_remota_o_conocido,falta_tiempo,consejo_familiar,marca,espero_un_poco_mas,rapida_y_digital_sin_hablar_con_nadie
P_111,Gen_Z_18_27,A,Lima_Metropolitana,alta,bajo,bancaseguros,formal_dependiente,AFP,auto,alta,True,False,alta,baja,desconfia,baja,solo_obligatorio,False,1.072,media,27,True,no,,solo_para_mi,consulta_medica_formal,era_serio_o_tengo_cobertura,receta_del_medico,marca,voy_al_medico_o_clinica,que_me_confirme_un_profesional
P_112,Boomer_60_mas,C,Sierra,baja,alto,bancaseguros,informal,ninguna,ninguno,baja,True,False,alta,media,confia_plena,alta,solo_obligatorio,False,1.147,media,60,False,FUERA_DEL_ESTUDIO,FUERA_DEL_ESTUDIO,FUERA_DEL_ESTUDIO,FUERA_DEL_ESTUDIO,FUERA_DEL_ESTUDIO,FUERA_DEL_ESTUDIO,FUERA_DEL_ESTUDIO,FUERA_DEL_ESTUDIO,FUERA_DEL_ESTUDIO
P_113,Gen_Z_18_27,C,Sierra,baja,alto,broker_corredor,formal_dependiente,ninguna,ninguno,alta,True,False,media,alta,desconfia,baja,ninguno,False,0.591,media,18,True,no,,solo_para_mi,botiquin_casero,sistema_lento,receta_previa_guardada,marca,espero_un_poco_mas,digital_pero_con_humano_disponible
P_114,Millennial_28_43,B,Sierra,media,medio,ninguno,formal_dependiente,AFP,ninguno,alta,True,False,alta,baja,confia_plena,media,solo_obligatorio,False,1.063,media,31,True,no,,solo_para_mi,farmacia_sin_receta,falta_tiempo,lo_pedi_por_nombre,generico,teleconsulta_si_esta_incluida,digital_pero_con_humano_disponible
P_115,Boomer_60_mas,C,Sierra,baja,medio,ninguno,independiente_microemprendedor,ninguna,ninguno,baja,False,False,baja,baja,confia_plena,baja,solo_obligatorio,False,1.31,media,62,True,no,,tambien_mi_pareja_o_yo,farmacia_sin_receta,sistema_lento,lo_pedi_por_nombre,marca,teleconsulta_si_esta_incluida,prefiero_atencion_presencial
P_116,Gen_X_44_59,C,Lima_Metropolitana,baja,alto,broker_corredor,informal,ninguna,auto,alta,True,True,media,media,confia_plena,baja,ninguno,False,0.871,alta,59,True,no,,tambien_hijos_y_mayores,farmacia_sin_receta,sistema_lento,lo_pedi_por_nombre,marca,teleconsulta_si_esta_incluida,digital_pero_con_humano_disponible
P_117,Gen_X_44_59,B,Selva,baja,alto,directo_digital,independiente_microemprendedor,AFP,moto_mototaxi,media,True,False,media,media,desconfia,baja,voluntario,False,0.663,media,57,True,no,,solo_para_mi,farmacia_sin_receta,falta_tiempo,lo_pedi_por_nombre,generico,teleconsulta_si_esta_incluida,que_me_confirme_un_profesional
P_118,Millennial_28_43,C,Resto_Costa,media,alto,broker_corredor,informal,ninguna,auto,alta,True,False,alta,media,neutral,baja,ninguno,False,0.747,alta,34,True,no,,tambien_hijos,farmacia_sin_receta,desconfianza_medico,consejo_tecnico_farmacia,marca,espero_un_poco_mas,rapida_y_digital_sin_hablar_con_nadie
P_119,Boomer_60_mas,B,Sierra,alta,bajo,bancaseguros,formal_dependiente,ninguna,moto_mototaxi,media,True,False,alta,baja,neutral,baja,solo_obligatorio,False,1.188,media,60,True,no,,tambien_mi_pareja_o_yo,consulta_medica_formal,era_serio_o_tengo_cobertura,receta_del_medico,marca,vuelvo_a_la_farmacia,prefiero_atencion_presencial
P_120,Gen_X_44_59,C,Sierra,baja,alto,directo_digital,independiente_microemprendedor,ONP,auto,media,True,False,alta,baja,confia_plena,media,solo_obligatorio,False,0.986,media,48,True,no,,solo_para_mi,botiquin_casero,era_leve,receta_previa_guardada,generico,espero_un_poco_mas,que_me_confirme_un_profesional
P_121,Boomer_60_mas,C,Lima_Metropolitana,media,alto,directo_digital,independiente_microemprendedor,ninguna,auto,media,True,False,media,baja,confia_plena,baja,ninguno,False,0.563,media,63,False,FUERA_DEL_ESTUDIO,FUERA_DEL_ESTUDIO,FUERA_DEL_ESTUDIO,FUERA_DEL_ESTUDIO,FUERA_DEL_ESTUDIO,FUERA_DEL_ESTUDIO,FUERA_DEL_ESTUDIO,FUERA_DEL_ESTUDIO,FUERA_DEL_ESTUDIO
P_122,Gen_Z_18_27,C,Lima_Metropolitana,baja,alto,broker_corredor,informal,ninguna,auto,alta,True,False,alta,alta,confia_plena,alta,voluntario,False,1.166,alta,20,True,no,,solo_para_mi,botiquin_casero,era_leve,receta_previa_guardada,generico,teleconsulta_si_esta_incluida,rapida_y_digital_sin_hablar_con_nadie
P_123,Boomer_60_mas,C,Sierra,baja,alto,directo_digital,informal,ninguna,moto_mototaxi,baja,False,False,alta,baja,desconfia,media,ninguno,False,1.171,media,65,False,FUERA_DEL_ESTUDIO,FUERA_DEL_ESTUDIO,FUERA_DEL_ESTUDIO,FUERA_DEL_ESTUDIO,FUERA_DEL_ESTUDIO,FUERA_DEL_ESTUDIO,FUERA_DEL_ESTUDIO,FUERA_DEL_ESTUDIO,FUERA_DEL_ESTUDIO
P_124,Gen_Z_18_27,B,Sierra,media,medio,ninguno,independiente_microemprendedor,ninguna,ninguno,alta,True,False,alta,baja,desconfia,baja,ninguno,False,0.819,alta,25,True,no,,solo_para_mi,consulta_remota_o_conocido,sistema_lento,consejo_familiar,marca,espero_un_poco_mas,prefiero_atencion_presencial
P_125,Millennial_28_43,B,Lima_Metropolitana,alta,alto,bancaseguros,informal,AFP,moto_mototaxi,alta,True,False,alta,baja,desconfia,baja,voluntario,False,0.72,media,37,True,no,,solo_para_mi,consulta_remota_o_conocido,sistema_lento,consejo_familiar,marca,vuelvo_a_la_farmacia,prefiero_atencion_presencial
P_126,Millennial_28_43,C,Resto_Costa,baja,alto,bancaseguros,independiente_microemprendedor,AFP,auto,alta,True,False,alta,alta,confia_plena,media,solo_obligatorio,False,1.199,alta,30,True,no,,tambien_hijos,farmacia_sin_receta,costo,consejo_tecnico_farmacia,marca,vuelvo_a_la_farmacia,rapida_y_digital_sin_hablar_con_nadie
P_127,Gen_Z_18_27,B,Selva,media,medio,directo_digital,formal_dependiente,AFP,auto,alta,True,False,alta,alta,neutral,alta,voluntario,False,1.272,media,20,True,no,,tambien_terceros,farmacia_sin_receta,sistema_lento,consejo_tecnico_farmacia,indistinto,teleconsulta_si_esta_incluida,rapida_y_digital_sin_hablar_con_nadie
P_128,Gen_X_44_59,C,Sierra,media,alto,broker_corredor,informal,ninguna,ninguno,media,False,False,alta,baja,confia_plena,baja,voluntario,True,1.243,alta,59,True,no,,tambien_hijos_y_mayores,farmacia_sin_receta,era_leve,lo_pedi_por_nombre,marca,teleconsulta_si_esta_incluida,que_me_confirme_un_profesional
P_129,Gen_X_44_59,C,Sierra,media,medio,ninguno,formal_dependiente,AFP,ninguno,media,False,False,media,baja,desconfia,media,voluntario,False,1.266,media,50,True,no,,solo_para_mi,farmacia_sin_receta,sistema_lento,consejo_tecnico_farmacia,generico,vuelvo_a_la_farmacia,prefiero_atencion_presencial
P_130,Gen_Z_18_27,B,Lima_Metropolitana,baja,medio,broker_corredor,informal,ninguna,ninguno,alta,True,True,alta,alta,desconfia,baja,ninguno,True,0.578,alta,25,True,no,,solo_para_mi,farmacia_sin_receta,sistema_lento,consejo_tecnico_farmacia,marca,vuelvo_a_la_farmacia,digital_pero_con_humano_disponible
P_131,Boomer_60_mas,C,Sierra,baja,medio,bancaseguros,independiente_microemprendedor,ninguna,ninguno,baja,False,False,alta,baja,desconfia,media,voluntario,False,1.129,media,62,True,no,,solo_para_mi,botiquin_casero,falta_tiempo,receta_previa_guardada,generico,vuelvo_a_la_farmacia,prefiero_atencion_presencial
P_132,Gen_X_44_59,C,Resto_Costa,baja,alto,bancaseguros,independiente_microemprendedor,ONP,moto_mototaxi,media,True,False,alta,baja,neutral,baja,ninguno,False,0.51,media,55,True,no,,solo_para_mi,botiquin_casero,desconfianza_medico,receta_previa_guardada,generico,espero_un_poco_mas,que_me_confirme_un_profesional
P_133,Gen_X_44_59,A,Lima_Metropolitana,baja,medio,bancaseguros,formal_dependiente,ONP,ninguno,alta,True,False,alta,baja,confia_plena,baja,voluntario,False,1.24,media,50,True,si,RIMAC,tambien_hijos_y_mayores,consulta_medica_formal,era_serio_o_tengo_cobertura,receta_del_medico,marca,voy_al_medico_o_clinica,que_me_confirme_un_profesional
P_134,Boomer_60_mas,B,Lima_Metropolitana,alta,medio,bancaseguros,independiente_microemprendedor,ninguna,ninguno,alta,True,False,alta,media,desconfia,baja,ninguno,False,0.793,alta,63,True,no,,tambien_mi_pareja_o_yo,consulta_medica_formal,era_serio_o_tengo_cobertura,receta_del_medico,marca,teleconsulta_si_esta_incluida,prefiero_atencion_presencial
P_135,Millennial_28_43,B,Lima_Metropolitana,baja,alto,directo_digital,formal_dependiente,AFP,auto,alta,True,False,alta,alta,desconfia,media,solo_obligatorio,False,0.915,media,40,True,no,,solo_para_mi,farmacia_sin_receta,sistema_lento,consejo_tecnico_farmacia,indistinto,vuelvo_a_la_farmacia,digital_pero_con_humano_disponible
P_136,Gen_X_44_59,C,Resto_Costa,media,bajo,directo_digital,formal_dependiente,AFP,auto,media,False,False,alta,media,neutral,baja,solo_obligatorio,False,1.233,alta,58,True,no,,solo_para_mi,farmacia_sin_receta,sistema_lento,lo_pedi_por_nombre,marca,vuelvo_a_la_farmacia,que_me_confirme_un_profesional
P_137,Millennial_28_43,C,Sierra,media,medio,directo_digital,formal_dependiente,AFP,ninguno,media,True,False,media,media,desconfia,baja,solo_obligatorio,False,0.974,media,36,False,FUERA_DEL_ESTUDIO,FUERA_DEL_ESTUDIO,FUERA_DEL_ESTUDIO,FUERA_DEL_ESTUDIO,FUERA_DEL_ESTUDIO,FUERA_DEL_ESTUDIO,FUERA_DEL_ESTUDIO,FUERA_DEL_ESTUDIO,FUERA_DEL_ESTUDIO
P_138,Millennial_28_43,C,Selva,baja,bajo,directo_digital,formal_dependiente,AFP,ninguno,media,True,False,baja,media,desconfia,baja,solo_obligatorio,False,0.883,alta,28,False,FUERA_DEL_ESTUDIO,FUERA_DEL_ESTUDIO,FUERA_DEL_ESTUDIO,FUERA_DEL_ESTUDIO,FUERA_DEL_ESTUDIO,FUERA_DEL_ESTUDIO,FUERA_DEL_ESTUDIO,FUERA_DEL_ESTUDIO,FUERA_DEL_ESTUDIO
P_139,Boomer_60_mas,C,Sierra,baja,bajo,broker_corredor,independiente_microemprendedor,AFP,ninguno,baja,False,False,baja,alta,confia_plena,media,solo_obligatorio,False,1.101,alta,63,False,FUERA_DEL_ESTUDIO,FUERA_DEL_ESTUDIO,FUERA_DEL_ESTUDIO,FUERA_DEL_ESTUDIO,FUERA_DEL_ESTUDIO,FUERA_DEL_ESTUDIO,FUERA_DEL_ESTUDIO,FUERA_DEL_ESTUDIO,FUERA_DEL_ESTUDIO
P_140,Gen_X_44_59,A,Selva,media,alto,directo_digital,formal_dependiente,ONP,moto_mototaxi,media,True,False,media,alta,neutral,baja,solo_obligatorio,False,0.918,baja,52,True,no,,solo_para_mi,consulta_remota_o_conocido,desconfianza_medico,consejo_familiar,generico,teleconsulta_si_esta_incluida,rapida_y_digital_sin_hablar_con_nadie
P_141,Gen_X_44_59,C,Resto_Costa,baja,bajo,bancaseguros,informal,ninguna,moto_mototaxi,media,True,False,media,alta,desconfia,media,ninguno,False,0.683,alta,57,True,no,,tambien_hijos_y_mayores,botiquin_casero,falta_tiempo,receta_previa_guardada,marca,espero_un_poco_mas,que_me_confirme_un_profesional
P_142,Boomer_60_mas,B,Sierra,baja,alto,directo_digital,formal_dependiente,ONP,ninguno,media,False,False,alta,baja,neutral,baja,solo_obligatorio,False,0.98,baja,60,True,no,,solo_para_mi,botiquin_casero,era_leve,receta_previa_guardada,indistinto,vuelvo_a_la_farmacia,prefiero_atencion_presencial
P_143,Millennial_28_43,C,Lima_Metropolitana,media,alto,broker_corredor,independiente_microemprendedor,ONP,ninguno,alta,True,False,alta,media,desconfia,baja,voluntario,False,1.374,alta,37,True,no,,tambien_hijos,farmacia_sin_receta,sistema_lento,consejo_tecnico_farmacia,marca,vuelvo_a_la_farmacia,que_me_confirme_un_profesional
P_144,Gen_X_44_59,C,Selva,media,medio,directo_digital,independiente_microemprendedor,AFP,ninguno,baja,False,False,media,baja,desconfia,media,solo_obligatorio,False,0.966,media,58,False,FUERA_DEL_ESTUDIO,FUERA_DEL_ESTUDIO,FUERA_DEL_ESTUDIO,FUERA_DEL_ESTUDIO,FUERA_DEL_ESTUDIO,FUERA_DEL_ESTUDIO,FUERA_DEL_ESTUDIO,FUERA_DEL_ESTUDIO,FUERA_DEL_ESTUDIO
P_145,Millennial_28_43,B,Lima_Metropolitana,baja,alto,directo_digital,formal_dependiente,AFP,ninguno,alta,True,False,alta,media,neutral,media,voluntario,True,1.605,media,36,True,si,La Positiva,tambien_hijos,consulta_medica_formal,era_serio_o_tengo_cobertura,receta_del_medico,marca,teleconsulta_si_esta_incluida,rapida_y_digital_sin_hablar_con_nadie
P_146,Boomer_60_mas,B,Selva,baja,alto,broker_corredor,informal,ninguna,moto_mototaxi,baja,False,False,baja,baja,desconfia,baja,ninguno,False,0.534,baja,64,True,no,,solo_para_mi,botiquin_casero,costo,consejo_familiar,marca,vuelvo_a_la_farmacia,prefiero_atencion_presencial
P_147,Millennial_28_43,C,Lima_Metropolitana,media,alto,directo_digital,independiente_microemprendedor,AFP,ninguno,alta,True,False,alta,alta,desconfia,baja,solo_obligatorio,False,1.19,alta,28,True,no,,tambien_hijos,consulta_remota_o_conocido,era_leve,consejo_familiar,marca,espero_un_poco_mas,rapida_y_digital_sin_hablar_con_nadie
P_148,Boomer_60_mas,C,Resto_Costa,media,alto,broker_corredor,formal_dependiente,ONP,moto_mototaxi,media,True,False,alta,media,neutral,baja,solo_obligatorio,False,1.072,media,63,True,no,,tambien_mi_pareja_o_yo,consulta_remota_o_conocido,falta_tiempo,consejo_familiar,marca,espero_un_poco_mas,que_me_confirme_un_profesional
P_149,Gen_X_44_59,C,Sierra,media,alto,directo_digital,independiente_microemprendedor,ninguna,ninguno,media,True,False,baja,baja,confia_plena,media,ninguno,False,0.736,media,53,True,no,,tambien_hijos_y_mayores,consulta_remota_o_conocido,era_leve,consejo_familiar,marca,teleconsulta_si_esta_incluida,que_me_confirme_un_profesional
P_150,Gen_Z_18_27,C,Sierra,baja,medio,bancaseguros,informal,ninguna,ninguno,alta,True,False,media,alta,desconfia,baja,ninguno,False,0.73,alta,19,True,no,,solo_para_mi,botiquin_casero,sistema_lento,consejo_familiar,marca,espero_un_poco_mas,digital_pero_con_humano_disponible
P_151,Gen_X_44_59,C,Resto_Costa,baja,alto,broker_corredor,informal,ninguna,auto,media,True,False,alta,media,neutral,media,voluntario,False,1.099,alta,55,False,FUERA_DEL_ESTUDIO,FUERA_DEL_ESTUDIO,FUERA_DEL_ESTUDIO,FUERA_DEL_ESTUDIO,FUERA_DEL_ESTUDIO,FUERA_DEL_ESTUDIO,FUERA_DEL_ESTUDIO,FUERA_DEL_ESTUDIO,FUERA_DEL_ESTUDIO
P_152,Millennial_28_43,C,Lima_Metropolitana,baja,alto,broker_corredor,formal_dependiente,ONP,ninguno,alta,True,False,alta,alta,confia_plena,alta,ninguno,False,0.944,media,33,True,no,,tambien_hijos,consulta_remota_o_conocido,sistema_lento,consejo_familiar,marca,teleconsulta_si_esta_incluida,rapida_y_digital_sin_hablar_con_nadie
P_153,Gen_Z_18_27,B,Sierra,baja,alto,bancaseguros,formal_dependiente,AFP,ninguno,alta,True,False,alta,alta,desconfia,baja,ninguno,False,0.729,media,23,True,no,,tambien_terceros,farmacia_sin_receta,falta_tiempo,lo_pedi_por_nombre,generico,teleconsulta_si_esta_incluida,rapida_y_digital_sin_hablar_con_nadie
P_154,Gen_X_44_59,C,Lima_Metropolitana,media,alto,directo_digital,informal,ninguna,auto,alta,True,False,alta,baja,desconfia,baja,ninguno,False,0.593,alta,59,True,no,,tambien_hijos_y_mayores,farmacia_sin_receta,era_leve,consejo_tecnico_farmacia,marca,espero_un_poco_mas,prefiero_atencion_presencial
P_155,Millennial_28_43,B,Sierra,media,bajo,directo_digital,formal_dependiente,ONP,ninguno,alta,True,False,alta,media,desconfia,baja,voluntario,False,1.52,media,40,True,si,Mapfre,tambien_hijos,consulta_remota_o_conocido,falta_tiempo,consejo_familiar,marca,teleconsulta_si_esta_incluida,digital_pero_con_humano_disponible
P_156,Millennial_28_43,C,Selva,baja,medio,bancaseguros,formal_dependiente,AFP,moto_mototaxi,media,True,False,alta,baja,desconfia,baja,ninguno,False,0.893,media,38,True,no,,tambien_hijos,farmacia_sin_receta,sistema_lento,consejo_tecnico_farmacia,marca,espero_un_poco_mas,prefiero_atencion_presencial
P_157,Millennial_28_43,C,Resto_Costa,alta,medio,directo_digital,formal_dependiente,AFP,moto_mototaxi,alta,False,False,alta,media,desconfia,baja,ninguno,True,0.607,alta,30,True,no,,tambien_hijos,consulta_remota_o_conocido,falta_tiempo,consejo_familiar,marca,espero_un_poco_mas,digital_pero_con_humano_disponible
P_158,Millennial_28_43,C,Lima_Metropolitana,baja,medio,bancaseguros,formal_dependiente,AFP,auto,alta,True,False,alta,media,confia_plena,baja,solo_obligatorio,False,0.997,alta,30,True,no,,tambien_hijos,consulta_remota_o_conocido,sistema_lento,consejo_familiar,marca,teleconsulta_si_esta_incluida,rapida_y_digital_sin_hablar_con_nadie
P_159,Millennial_28_43,C,Selva,alta,bajo,ninguno,formal_dependiente,AFP,ninguno,media,True,False,baja,alta,neutral,baja,voluntario,False,1.16,alta,35,True,no,,solo_para_mi,farmacia_sin_receta,era_leve,consejo_tecnico_farmacia,marca,vuelvo_a_la_farmacia,rapida_y_digital_sin_hablar_con_nadie
P_160,Millennial_28_43,C,Selva,alta,bajo,directo_digital,informal,ninguna,auto,media,True,False,media,alta,neutral,alta,solo_obligatorio,False,0.931,alta,31,True,no,,tambien_hijos,consulta_remota_o_conocido,sistema_lento,consejo_familiar,marca,espero_un_poco_mas,digital_pero_con_humano_disponible
P_161,Gen_X_44_59,C,Selva,alta,medio,directo_digital,informal,ONP,ninguno,baja,False,False,media,media,desconfia,baja,ninguno,False,0.762,media,46,False,FUERA_DEL_ESTUDIO,FUERA_DEL_ESTUDIO,FUERA_DEL_ESTUDIO,FUERA_DEL_ESTUDIO,FUERA_DEL_ESTUDIO,FUERA_DEL_ESTUDIO,FUERA_DEL_ESTUDIO,FUERA_DEL_ESTUDIO,FUERA_DEL_ESTUDIO
P_162,Boomer_60_mas,C,Sierra,media,medio,directo_digital,independiente_microemprendedor,ninguna,moto_mototaxi,baja,False,False,baja,alta,confia_plena,media,solo_obligatorio,False,1.029,media,63,True,no,,tambien_mi_pareja_o_yo,farmacia_sin_receta,sistema_lento,lo_pedi_por_nombre,marca,vuelvo_a_la_farmacia,que_me_confirme_un_profesional
P_163,Millennial_28_43,B,Lima_Metropolitana,baja,medio,ninguno,independiente_microemprendedor,ninguna,auto,alta,True,False,alta,alta,neutral,alta,voluntario,True,1.251,alta,35,True,no,,tambien_hijos,farmacia_sin_receta,falta_tiempo,consejo_tecnico_farmacia,marca,teleconsulta_si_esta_incluida,rapida_y_digital_sin_hablar_con_nadie
P_164,Boomer_60_mas,C,Resto_Costa,baja,alto,broker_corredor,formal_dependiente,ONP,moto_mototaxi,media,True,False,alta,alta,neutral,alta,ninguno,False,0.654,media,61,True,no,,tambien_mi_pareja_o_yo,consulta_remota_o_conocido,sistema_lento,consejo_familiar,marca,espero_un_poco_mas,que_me_confirme_un_profesional
P_165,Gen_Z_18_27,B,Resto_Costa,baja,medio,bancaseguros,informal,ninguna,ninguno,alta,True,False,alta,alta,desconfia,media,ninguno,False,0.639,alta,25,True,no,,solo_para_mi,farmacia_sin_receta,falta_tiempo,consejo_tecnico_farmacia,marca,espero_un_poco_mas,rapida_y_digital_sin_hablar_con_nadie
P_166,Millennial_28_43,B,Lima_Metropolitana,baja,medio,directo_digital,independiente_microemprendedor,ninguna,moto_mototaxi,alta,True,False,alta,media,desconfia,baja,ninguno,False,0.507,alta,32,True,no,,solo_para_mi,botiquin_casero,sistema_lento,consejo_familiar,generico,teleconsulta_si_esta_incluida,que_me_confirme_un_profesional
P_167,Gen_Z_18_27,B,Sierra,alta,alto,directo_digital,formal_dependiente,ONP,moto_mototaxi,alta,True,False,media,media,neutral,media,solo_obligatorio,False,1.146,media,19,True,no,,solo_para_mi,consulta_remota_o_conocido,costo,consejo_familiar,marca,teleconsulta_si_esta_incluida,rapida_y_digital_sin_hablar_con_nadie
P_168,Boomer_60_mas,C,Lima_Metropolitana,baja,alto,broker_corredor,formal_dependiente,AFP,auto,media,True,False,media,alta,neutral,baja,ninguno,False,0.694,media,64,True,no,,solo_para_mi,botiquin_casero,era_leve,receta_previa_guardada,generico,espero_un_poco_mas,digital_pero_con_humano_disponible
P_169,Gen_Z_18_27,C,Lima_Metropolitana,baja,medio,broker_corredor,informal,ONP,auto,alta,True,True,alta,alta,confia_plena,media,voluntario,False,1.03,alta,20,True,no,,solo_para_mi,botiquin_casero,sistema_lento,receta_previa_guardada,marca,teleconsulta_si_esta_incluida,rapida_y_digital_sin_hablar_con_nadie
P_170,Millennial_28_43,C,Sierra,baja,alto,bancaseguros,formal_dependiente,AFP,ninguno,media,True,False,media,media,desconfia,alta,voluntario,False,1.179,media,34,True,no,,tambien_hijos,consulta_remota_o_conocido,falta_tiempo,consejo_familiar,marca,vuelvo_a_la_farmacia,que_me_confirme_un_profesional
P_171,Gen_X_44_59,B,Selva,alta,bajo,directo_digital,informal,ninguna,ninguno,media,True,False,media,alta,neutral,alta,voluntario,False,1.225,alta,55,False,FUERA_DEL_ESTUDIO,FUERA_DEL_ESTUDIO,FUERA_DEL_ESTUDIO,FUERA_DEL_ESTUDIO,FUERA_DEL_ESTUDIO,FUERA_DEL_ESTUDIO,FUERA_DEL_ESTUDIO,FUERA_DEL_ESTUDIO,FUERA_DEL_ESTUDIO
P_172,Gen_Z_18_27,B,Lima_Metropolitana,baja,alto,broker_corredor,independiente_microemprendedor,ninguna,ninguno,alta,True,False,media,alta,desconfia,media,ninguno,False,0.904,media,26,True,no,,solo_para_mi,consulta_remota_o_conocido,costo,consejo_familiar,marca,vuelvo_a_la_farmacia,rapida_y_digital_sin_hablar_con_nadie
P_173,Gen_X_44_59,C,Resto_Costa,baja,alto,bancaseguros,independiente_microemprendedor,ninguna,ninguno,media,True,False,media,media,neutral,media,ninguno,False,0.269,media,49,True,no,,tambien_hijos_y_mayores,farmacia_sin_receta,sistema_lento,consejo_tecnico_farmacia,marca,espero_un_poco_mas,que_me_confirme_un_profesional
P_174,Gen_Z_18_27,C,Lima_Metropolitana,baja,medio,directo_digital,formal_dependiente,ONP,ninguno,alta,True,False,media,baja,desconfia,baja,voluntario,False,1.088,alta,22,True,si,Sanitas,solo_para_mi,consulta_remota_o_conocido,era_leve,consejo_familiar,marca,vuelvo_a_la_farmacia,que_me_confirme_un_profesional
P_175,Boomer_60_mas,C,Sierra,baja,bajo,ninguno,formal_dependiente,AFP,auto,baja,False,False,baja,media,neutral,media,ninguno,False,0.978,media,65,True,no,,tambien_mi_pareja_o_yo,farmacia_sin_receta,costo,lo_pedi_por_nombre,marca,vuelvo_a_la_farmacia,que_me_confirme_un_profesional
P_176,Millennial_28_43,B,Resto_Costa,baja,bajo,bancaseguros,formal_dependiente,ninguna,ninguno,alta,True,False,alta,alta,desconfia,baja,ninguno,False,0.336,media,41,True,no,,solo_para_mi,botiquin_casero,sistema_lento,receta_previa_guardada,indistinto,espero_un_poco_mas,digital_pero_con_humano_disponible
P_177,Millennial_28_43,C,Sierra,media,alto,broker_corredor,formal_dependiente,AFP,auto,media,False,False,media,alta,desconfia,baja,solo_obligatorio,False,0.741,media,37,True,no,,tambien_hijos,consulta_remota_o_conocido,costo,consejo_familiar,marca,espero_un_poco_mas,digital_pero_con_humano_disponible
P_178,Gen_Z_18_27,A,Sierra,baja,bajo,broker_corredor,formal_dependiente,AFP,ninguno,alta,True,False,baja,alta,neutral,alta,voluntario,False,0.787,media,22,True,si,Sanitas,solo_para_mi,consulta_medica_formal,era_serio_o_tengo_cobertura,receta_del_medico,marca,voy_al_medico_o_clinica,rapida_y_digital_sin_hablar_con_nadie
P_179,Boomer_60_mas,C,Resto_Costa,baja,alto,directo_digital,informal,ONP,ninguno,media,True,False,alta,alta,desconfia,media,ninguno,False,0.67,alta,62,True,no,,solo_para_mi,botiquin_casero,sistema_lento,receta_previa_guardada,indistinto,espero_un_poco_mas,prefiero_atencion_presencial
P_180,Boomer_60_mas,C,Lima_Metropolitana,alta,medio,bancaseguros,independiente_microemprendedor,ninguna,auto,media,False,False,alta,baja,confia_plena,media,solo_obligatorio,False,0.858,alta,65,True,no,,solo_para_mi,farmacia_sin_receta,sistema_lento,consejo_tecnico_farmacia,generico,vuelvo_a_la_farmacia,prefiero_atencion_presencial
P_181,Millennial_28_43,C,Sierra,baja,bajo,bancaseguros,independiente_microemprendedor,ninguna,ninguno,media,True,False,media,alta,desconfia,media,ninguno,False,0.372,alta,33,True,no,,tambien_hijos,farmacia_sin_receta,sistema_lento,consejo_tecnico_farmacia,marca,espero_un_poco_mas,que_me_confirme_un_profesional
P_182,Gen_X_44_59,C,Resto_Costa,baja,medio,broker_corredor,informal,ninguna,ninguno,media,True,False,alta,media,desconfia,alta,ninguno,False,0.705,alta,47,True,no,,tambien_hijos_y_mayores,botiquin_casero,era_leve,consejo_familiar,marca,espero_un_poco_mas,que_me_confirme_un_profesional
P_183,Boomer_60_mas,C,Sierra,media,alto,broker_corredor,informal,ninguna,moto_mototaxi,baja,False,False,baja,media,neutral,baja,ninguno,False,0.631,media,62,False,FUERA_DEL_ESTUDIO,FUERA_DEL_ESTUDIO,FUERA_DEL_ESTUDIO,FUERA_DEL_ESTUDIO,FUERA_DEL_ESTUDIO,FUERA_DEL_ESTUDIO,FUERA_DEL_ESTUDIO,FUERA_DEL_ESTUDIO,FUERA_DEL_ESTUDIO
P_184,Gen_X_44_59,B,Sierra,alta,alto,ninguno,formal_dependiente,ONP,ninguno,media,True,False,media,media,confia_plena,media,solo_obligatorio,False,1.075,baja,57,True,no,,solo_para_mi,consulta_remota_o_conocido,sistema_lento,consejo_familiar,generico,teleconsulta_si_esta_incluida,que_me_confirme_un_profesional
P_185,Gen_Z_18_27,B,Lima_Metropolitana,baja,bajo,broker_corredor,formal_dependiente,AFP,ninguno,alta,True,False,alta,baja,confia_plena,baja,voluntario,False,0.852,media,19,True,si,Sanitas,solo_para_mi,consulta_remota_o_conocido,costo,consejo_familiar,marca,voy_al_medico_o_clinica,digital_pero_con_humano_disponible
P_186,Millennial_28_43,C,Lima_Metropolitana,alta,medio,bancaseguros,formal_dependiente,AFP,moto_mototaxi,alta,True,True,media,alta,neutral,alta,solo_obligatorio,False,1.169,alta,32,True,no,,tambien_hijos,consulta_remota_o_conocido,costo,consejo_familiar,marca,espero_un_poco_mas,rapida_y_digital_sin_hablar_con_nadie
P_187,Gen_Z_18_27,B,Sierra,baja,alto,directo_digital,independiente_microemprendedor,ninguna,moto_mototaxi,alta,True,False,alta,media,confia_plena,media,solo_obligatorio,False,1.141,media,27,True,no,,tambien_terceros,botiquin_casero,desconfianza_medico,receta_previa_guardada,generico,teleconsulta_si_esta_incluida,rapida_y_digital_sin_hablar_con_nadie
P_188,Boomer_60_mas,C,Lima_Metropolitana,baja,alto,broker_corredor,informal,ninguna,auto,media,True,False,alta,alta,desconfia,media,ninguno,False,0.846,alta,63,True,no,,tambien_mi_pareja_o_yo,farmacia_sin_receta,sistema_lento,lo_pedi_por_nombre,marca,espero_un_poco_mas,prefiero_atencion_presencial
P_189,Gen_X_44_59,C,Lima_Metropolitana,baja,medio,bancaseguros,formal_dependiente,ninguna,ninguno,alta,True,False,alta,media,desconfia,alta,ninguno,False,0.529,alta,54,True,no,,tambien_hijos_y_mayores,farmacia_sin_receta,falta_tiempo,consejo_tecnico_farmacia,marca,espero_un_poco_mas,que_me_confirme_un_profesional
P_190,Gen_X_44_59,C,Sierra,baja,bajo,ninguno,independiente_microemprendedor,AFP,ninguno,media,True,False,alta,media,desconfia,baja,voluntario,False,1.136,alta,55,True,no,,tambien_hijos_y_mayores,botiquin_casero,sistema_lento,consejo_familiar,marca,vuelvo_a_la_farmacia,prefiero_atencion_presencial
P_191,Gen_X_44_59,B,Lima_Metropolitana,baja,alto,directo_digital,formal_dependiente,AFP,ninguno,alta,True,False,media,media,desconfia,baja,solo_obligatorio,False,1.32,media,59,True,no,,solo_para_mi,farmacia_sin_receta,sistema_lento,consejo_tecnico_farmacia,generico,vuelvo_a_la_farmacia,que_me_confirme_un_profesional
P_192,Gen_Z_18_27,C,Resto_Costa,baja,bajo,broker_corredor,formal_dependiente,AFP,moto_mototaxi,alta,True,False,media,alta,desconfia,media,solo_obligatorio,False,0.913,alta,19,True,no,,tambien_terceros,botiquin_casero,falta_tiempo,receta_previa_guardada,indistinto,espero_un_poco_mas,rapida_y_digital_sin_hablar_con_nadie
P_193,Boomer_60_mas,B,Sierra,baja,medio,bancaseguros,formal_dependiente,ninguna,ninguno,media,True,False,media,alta,neutral,media,ninguno,False,0.619,media,64,True,no,,solo_para_mi,farmacia_sin_receta,sistema_lento,consejo_tecnico_farmacia,generico,vuelvo_a_la_farmacia,que_me_confirme_un_profesional
P_194,Gen_X_44_59,C,Sierra,media,medio,directo_digital,independiente_microemprendedor,ninguna,ninguno,media,False,False,media,baja,desconfia,baja,solo_obligatorio,False,1.219,alta,58,True,no,,solo_para_mi,botiquin_casero,desconfianza_medico,receta_previa_guardada,indistinto,espero_un_poco_mas,prefiero_atencion_presencial
P_195,Gen_X_44_59,C,Selva,baja,bajo,bancaseguros,independiente_microemprendedor,AFP,moto_mototaxi,baja,True,False,media,media,desconfia,baja,ninguno,False,0.671,alta,53,False,FUERA_DEL_ESTUDIO,FUERA_DEL_ESTUDIO,FUERA_DEL_ESTUDIO,FUERA_DEL_ESTUDIO,FUERA_DEL_ESTUDIO,FUERA_DEL_ESTUDIO,FUERA_DEL_ESTUDIO,FUERA_DEL_ESTUDIO,FUERA_DEL_ESTUDIO
P_196,Millennial_28_43,C,Sierra,alta,medio,directo_digital,independiente_microemprendedor,ninguna,moto_mototaxi,media,True,False,baja,media,desconfia,baja,voluntario,False,1.051,alta,28,False,FUERA_DEL_ESTUDIO,FUERA_DEL_ESTUDIO,FUERA_DEL_ESTUDIO,FUERA_DEL_ESTUDIO,FUERA_DEL_ESTUDIO,FUERA_DEL_ESTUDIO,FUERA_DEL_ESTUDIO,FUERA_DEL_ESTUDIO,FUERA_DEL_ESTUDIO
P_197,Gen_X_44_59,B,Lima_Metropolitana,media,bajo,bancaseguros,independiente_microemprendedor,ninguna,ninguno,alta,True,False,alta,baja,desconfia,media,voluntario,True,1.208,alta,46,True,si,RIMAC,tambien_hijos_y_mayores,consulta_remota_o_conocido,sistema_lento,consejo_familiar,marca,teleconsulta_si_esta_incluida,prefiero_atencion_presencial
P_198,Boomer_60_mas,C,Selva,baja,medio,directo_digital,informal,AFP,auto,baja,True,False,media,media,desconfia,baja,ninguno,False,0.704,media,60,False,FUERA_DEL_ESTUDIO,FUERA_DEL_ESTUDIO,FUERA_DEL_ESTUDIO,FUERA_DEL_ESTUDIO,FUERA_DEL_ESTUDIO,FUERA_DEL_ESTUDIO,FUERA_DEL_ESTUDIO,FUERA_DEL_ESTUDIO,FUERA_DEL_ESTUDIO
P_199,Millennial_28_43,B,Lima_Metropolitana,media,alto,broker_corredor,independiente_microemprendedor,ninguna,ninguno,alta,True,False,media,media,desconfia,media,voluntario,False,0.966,media,37,True,si,La Positiva,tambien_hijos,consulta_remota_o_conocido,era_leve,consejo_familiar,marca,teleconsulta_si_esta_incluida,digital_pero_con_humano_disponible
